"Qty";"Value";"Device";"Package";"Parts";"Description";"MF";"MPN";"OC_FARNELL";"OC_NEWARK";"PACKAGE";"PROD_ID";"SUPPLIER";"VALUE";
"3";"";"CAP0805";"0805";"C14, C22, C23";"Capacitor";"";"";"";"";"";"";"";"";
"2";"";"INDUCTOR0805";"0805";"L1, L2";"Inductors";"";"";"";"";"";"";"";"";
"2";"0";"RESISTOR0805-RES";"0805";"R19, R20";"Resistor";"";"";"";"";"";"";"";"";
"2";"0.22uF";"CAP0805";"0805";"C1, C4";"Capacitor";"";"";"";"";"";"";"";"";
"2";"1.8uH";"SRR4028";"SRR4028";"L3, L6";"POWER INDUCTOR";"";"";"";"";"";"";"";"";
"1";"100nF";"CAP0805";"0805";"C21";"Capacitor";"";"";"";"";"";"";"";"";
"2";"100uF";"TPSB107M010R0400";"1210-POLARIZED";"CIN, CIN1";"";"";"";"";"";"";"";"";"";
"17";"10K";"RESISTOR0805-RES";"0805";"R1, R2, R6, R7, R8, R9, R10, R11, R12, R14, R21, R22, R23, R43, R44, R47, R49";"Resistor";"";"";"";"";"";"";"";"";
"2";"10k";"RESISTOR0805-RES";"0805";"R3, R5";"Resistor";"";"";"";"";"";"";"";"";
"1";"1N5819HW-7-F";"1N5819HW-7-F";"SOD123";"D4";"";"";"";"";"";"";"";"";"";
"4";"1uF";"CAP0805";"0805";"C24, C25, C27, C28";"Capacitor";"";"";"";"";"";"";"";"";
"3";"2.2uF";"CAP0805";"0805";"C9, C15, C16";"Capacitor";"";"";"";"";"";"";"";"";
"3";"22";"RESISTOR0805-RES";"0805";"R16, R17, R18";"Resistor";"";"";"";"";"";"";"";"";
"4";"22pF";"CAP0805";"0805";"C17, C18, C19, C20";"Capacitor";"";"";"";"";"";"";"";"";
"1";"22uF";"CAP0805";"0805";"C3";"Capacitor";"";"";"";"";"";"";"";"";
"1";"2K";"RESISTOR0805-RES";"0805";"R4";"Resistor";"";"";"";"";"";"";"";"";
"2";"2N7002K-T1-E3";"MOSFET-NREFLOW";"SOT23";"Q1, Q3";"N-Channel Mosfet";"";"";"";"";"";"";"";"";
"1";"3.7V";"BATTERY12MM";"BATTCON_12MM";"BAT1";"Battery Holders";"";"";"";"";"";"BATT-08044";"";"";
"1";"30K";"RESISTOR0805-RES";"0805";"R13";"Resistor";"";"";"";"";"";"";"";"";
"6";"4.7K";"RESISTOR0805-RES";"0805";"R26, R27, R28, R42, R45, R46";"Resistor";"";"";"";"";"";"";"";"";
"2";"4.7uF";"CAP0805";"0805";"C7, C8";"Capacitor";"";"";"";"";"";"";"";"";
"2";"470pF";"CAP0805";"0805";"C10, C11";"Capacitor";"";"";"";"";"";"";"";"";
"1";"47uF";"CAP0805";"0805";"C6";"Capacitor";"";"";"";"";"";"";"";"";
"2";"68pF";"CAP0805";"0805";"C2, C5";"Capacitor";"";"";"";"";"";"";"";"";
"1";"84.5K";"RESISTOR0805-RES";"0805";"R15";"Resistor";"";"";"";"";"";"";"";"";
"2";"BATT";"M02-JST-2-PTH-NO_SILK";"JST-2-PTH-NS";"BUZZER, JP3";"Standard 2-pin 0.1" header. Use with";"";"";"";"";"";"";"";"";
"2";"BC847";"BC847";"SOT23";"T1, T2";"NPN TRANSISTOR";"";"";"";"";"";"";"";"";
"1";"HC_05";"HC_05";"BLUETOOTH_SMD";"IC_15";"HC-05 Bluetooth Module";"";"";"";"";"";"";"";"";
"1";"LP298XS";"LP298XS";"SOT23-5L";"IC_3";"";"";"";"";"";"";"";"";"";
"2";"LT1935ES5";"LT1935ES5";"SOT23-5";"U$1, U$2";"";"";"";"";"";"";"";"";"";
"1";"LTC4412";"LTC4412";"SOT23-6L";"IC_1";"";"";"";"";"";"";"";"";"";
"1";"M10"";"M10"";"1X10";"JP1";"Header 10";"";"";"";"";"";"";"";"";
"1";"M10478";"M10478";"M10478";"IC_16";"";"";"";"";"";"";"";"";"";
"1";"MAX7313AEG";"MAX7313AEG";"QSOP24";"IC_13";"16-Port I/O Expander with LED Intensity Control, Interrupt, and Hot-Insertion Protection";"";"MAX7313AEG+";"unknown";"53K7268";"";"";"";"";
"1";"MCP73831T-2ATI/OT";"MCP73831T-2ATI/OT";"SOT95P300X145-5N";"IC_6";"IC, BATT CHARGER, Li-Ion Li-Polymer, 500 mA";"";"MCP73831T-2ATI/OT";"1834890";"84R5196";"SOT23-5";"";"Microchip";"";
"1";"MIC5219 3.3V";"V_REG_MIC52193.3V";"SOT23-5";"U1";"V_REG MIC5219";"";"";"";"";"";"VREG-09872";"";"MIC5219 3.3V";
"1";"MMA8653FC";"MMA8653FC";"2X2-DFN";"IC_7";"";"";"";"";"";"";"";"";"";
"1";"MS5637-02BA03";"MS5637-02BA03";"MS5637-02BA03";"IC_8";"";"";"";"";"";"";"";"";"";
"2";"SD1206S040S2R0";"SD1206S040S2R0";"1206-POL";"DOUT, DOUT1";"";"";"";"";"";"";"";"";"";
"1";"SI2301CDS";"SI2301CDS";"SOT23";"Q9";"";"";"";"";"";"";"";"";"";
"1";"SIM900";"SIM900";"SIM900";"IC_9";"";"";"";"";"";"";"";"";"";
"1";"SIMHOLDER3";"SIMHOLDER3";"SIMHOLDER3";"SIMCONN";"Alternate SIM card socket";"";"";"";"";"";"";"";"";
"1";"SMA_EDGE";"SMA_EDGE";"SMA-EDGE";"J$1";"SMA Antenna Connector";"";"";"";"";"";"";"";"";
"1";"SMF05C";"SMF05C";"SOT665";"IC_11";"";"";"";"";"";"";"";"";"";
"3";"SOLDERJUMPERTRACE";"SOLDERJUMPERTRACE";"SJ_2S-TRACE";"SJ1, SJ2, SJ3";"Solder Jumper";"";"";"";"";"";"";"";"";
"1";"SST25WF040B";"SST25WF040B";"SO08";"IC_19";"";"";"";"";"";"";"";"";"";
"1";"SWITCH-MOMENTARY-2SMD-REDUNDANT";"SWITCH-MOMENTARY-2SMD-REDUNDANT";"TACTILE-SWITCH-SMD";"S1";"Various NO switches- pushbuttons, reed, etc";"";"";"";"";"";"SWCH-08247";"";"";
"1";"TEENSY_3.0_ALLPINS";"TEENSY_3.0_ALLPINS";"TEENSY_3.0_ALLPINS";"IC_12";"Teensy 3.0 with all pin holes and optional SMD-mount unshrouded header on bottom of Teensy 3.0. For more basic versions, see 'Basic', '+4' and 'AllAnalogPins'.Requires the installation of a un-shrouded SMD header on the underside of the Teensy 3.0";"";"";"";"";"";"";"";"";
"3";"TXB0104";"TXB0104";"SO14";"IC_10, IC_17, IC_18";"";"";"";"";"";"";"";"";"";
"1";"U.FL";"U.FL";"U.FL";"J1";"SMD antenna connector- WRL-09144";"";"";"";"";"";"";"";"";
"1";"UI";"PINHD-2X5";"2X05";"JP2";"PIN HEADER";"";"";"";"";"";"";"";"";
"1";"USB-B";"USBPTH";"USB-B-PTH";"JP6";"USB Connectors";"";"";"";"";"";"CONN-08278";"";"USB-B";
"1";"XBEE-PRO";"XBEE-PRO";"XBEE-PRO";"XB1";"XBee (TM) /XBee-PRO(TM) OEM RF Modules";"";"XBP24-AWI-001";"1337916";"42M2667";"";"";"";"";
